HUC12RNG,RiverBasin,PriorityTy
030101020801,Roanoke,Tier 1
030101020802,Roanoke,Tier 1
030101020803,,
030101020804,Roanoke,Tier 2
030101020805,,
030101020806,,
030101020901,,
030101020902,Roanoke,Tier 2
030101021001,,
030101021002,,
030101021003,,
030101021004,,
030101030102,Roanoke,Tier 1
030101030103,Roanoke,Tier 1
030101030104,Roanoke,Tier 1
030101030105,Roanoke,Tier 1
030101030106,Roanoke,Tier 1
030101030107,,
030101030108,,
030101030109,Roanoke,Tier 1
030101030201,,
030101030202,,
030101030203,,
030101030204,,1km River Buffer
030101030301,Roanoke,Tier 2
030101030302,Roanoke,Tier 1
030101030303,,
030101030304,Roanoke,1km River Buffer
030101030305,,1km River Buffer
030101030306,Roanoke,1km River Buffer
030101030402,,
030101030404,,
030101030407,,
030101030408,Roanoke,Tier 1
030101030409,Roanoke,Tier 1
030101030501,Roanoke,1km River Buffer
030101030502,Roanoke,1km River Buffer
030101030503,Roanoke,1km River Buffer
030101030504,Roanoke,1km River Buffer
030101030505,Roanoke,1km River Buffer
030101030802,,
030101030807,Roanoke,1km River Buffer
030101030901,Roanoke,1km River Buffer
030101030902,Roanoke,Tier 2
030101030903,Roanoke,1km River Buffer
030101030904,Roanoke,Tier 2
030101030905,Roanoke,Tier 1
030101030906,,
030101040102,,
030101040103,,
030101040104,,
030101040105,,
030101040106,,
030101040107,,
030101040108,,
030101040109,,
030101040201,Roanoke,Tier 2
030101040202,Roanoke,Tier 2
030101040203,Roanoke,Tier 2
030101040302,,
030101040303,,
030101040501,,
030101040502,,
030101040503,,
030101040504,,
030101040505,,
030101040506,,
030101040507,,
030101040601,,
030101040602,,
030101040603,,
030101040604,,
030101040605,,
030101040607,,
030101040701,Roanoke,Tier 2
030101040702,,
030101060204,,
030101060205,,
030101060301,,
030101060302,,
030101060303,,
030101060304,,
030101060305,,
030101060401,,
030101060402,,
030101060403,,
030101060404,,1km River Buffer
030101070101,Roanoke,1km River Buffer
030101070102,Roanoke,1km River Buffer
030101070103,Roanoke,1km River Buffer
030101070104,,1km River Buffer
030101070105,Roanoke,1km River Buffer
030101070201,,1km River Buffer
030101070202,,1km River Buffer
030101070203,Roanoke,1km River Buffer
030101070204,Roanoke,1km River Buffer
030101070205,Roanoke,1km River Buffer
030101070206,Roanoke,1km River Buffer
030101070301,Roanoke,1km River Buffer
030101070302,,1km River Buffer
030101070303,Roanoke,1km River Buffer
030101070304,,1km River Buffer
030101070305,Roanoke,1km River Buffer
030101070401,,
030101070402,,
030101070403,,
030101070404,,
030101070405,Roanoke,1km River Buffer
030101070501,,1km River Buffer
030101070502,Roanoke,1km River Buffer
030101070503,Roanoke,1km River Buffer
030101070504,,
030101070505,Roanoke,1km River Buffer
030101070506,,
030101070507,,
030101070508,Roanoke,1km River Buffer
030101070509,Roanoke,1km River Buffer
030101070601,Roanoke,1km River Buffer
030101070602,Roanoke,1km River Buffer
030101070603,Roanoke,1km River Buffer
030101070701,,
030101070702,,
030101070703,,
030101070704,,
030101070705,,
030101070706,,
030101070801,,
030101070802,,
030101070803,,1km River Buffer
030101070804,,
030101070805,,
030101070806,,
030101070807,,1km River Buffer
030101070901,,1km River Buffer
030101070902,,1km River Buffer
030101070903,Roanoke,1km River Buffer
030102011205,,
030102011206,,1km River Buffer
030102020505,,1km River Buffer
030102030103,,1km River Buffer
030102030201,,1km River Buffer
030102030202,Chowan,1km River Buffer
030102030203,Chowan,1km River Buffer
030102030204,,
030102030205,Chowan,1km River Buffer
030102030206,Chowan,1km River Buffer
030102030301,Chowan,Tier 2
030102030302,,
030102030303,,
030102030304,,
030102030305,,
030102030306,,
030102030401,,
030102030402,,
030102030403,,
030102030404,,
030102030405,Chowan,1km River Buffer
030102030501,,
030102030502,,
030102030503,,
030102030504,Chowan,1km River Buffer
030102030601,,
030102030602,,
030102030603,Chowan,Tier 1
030102030604,,
030102030605,,
030102030701,,
030102030702,,
030102030703,,
030102030704,,
030102030705,,
030102030706,,
030102040701,,
030102040704,,
030102040705,,
030102040706,,
030102040801,,
030102040802,,
030102040803,,1km River Buffer
030102040804,,
030102040805,,
030102040806,,
030102040807,,
030102040808,,1km River Buffer
030102040901,,
030102040902,Chowan,1km River Buffer
030102040904,Chowan,1km River Buffer
030102040905,Chowan,1km River Buffer
030102040906,Chowan,Tier 1
030102040907,Chowan,Tier 1
030102040908,Chowan,1km River Buffer
030102050101,,
030102050102,,
030102050103,,
030102050104,,1km River Buffer
030102050105,,
030102050106,,
030102050107,,
030102050108,,
030102050201,Pasquotank,1km River Buffer
030102050202,,1km River Buffer
030102050203,,1km River Buffer
030102050204,,1km River Buffer
030102050205,,
030102050206,,
030102050207,,
030102050208,,
030102050301,,
030102050302,,
030102050303,,
030102050304,,
030102050305,,
030102050401,,
030102050402,,
030102050403,,
030102050404,,
030102050405,,
030102050406,,
030102050501,,
030102050502,,
030102050503,,
030102050504,,
030102050605,,
030102050606,,
030102050701,,
030102050702,,
030102050703,,
030102050704,,
030102050705,,
030102050706,,
030102050707,,
030102050708,,
030102050709,,
030102050801,,
030102050802,,
030102050803,,
030102050804,,
030102050805,,
030102050806,,
030102050807,,
030102050808,,
030102050809,,
030102050901,,
030102050902,,
030102050903,,
030102050904,,
030102050905,,
030102050906,,
030102050907,,
030102051001,,
030102051002,,
030102051003,,
030102051102,,
030102051103,,
030102051104,,
030102051105,,
030102051106,,
030102051107,,
030102051108,,
030102051206,,
030102051207,,
030102051303,,
030102051304,,
030102051305,,
030102051306,,
030102051401,,
030102051402,,
030102051403,,
030102051404,,
030102051405,,
030102051406,,
030102051407,,
030102051501,,
030102051502,,
030102051503,,
030102051504,,
030102051505,,
030102051506,,
030102051507,,
030201010101,Tar - Pamlico,Tier 1
030201010102,Tar - Pamlico,Tier 1
030201010103,Tar - Pamlico,Tier 1
030201010104,Tar - Pamlico,Tier 2
030201010105,Tar - Pamlico,Tier 1
030201010106,Tar - Pamlico,Tier 1
030201010201,,
030201010202,Tar - Pamlico,Tier 1
030201010203,Tar - Pamlico,Tier 1
030201010204,Tar - Pamlico,Tier 1
030201010301,Tar - Pamlico,Tier 1
030201010302,,
030201010303,Tar - Pamlico,Tier 2
030201010304,Tar - Pamlico,Tier 2
030201010401,,
030201010402,,
030201010403,Tar - Pamlico,Tier 2
030201010404,Tar - Pamlico,Tier 1
030201010405,Tar - Pamlico,Tier 1
030201010501,,
030201010502,,
030201010503,,
030201010504,,
030201010601,,
030201010602,,
030201010603,Tar - Pamlico,Tier 1
030201010604,,
030201010605,,
030201010606,Tar - Pamlico,Tier 2
030201010607,Tar - Pamlico,Tier 2
030201010701,Tar - Pamlico,Tier 2
030201010702,,
030201010703,Tar - Pamlico,Tier 1
030201010704,Tar - Pamlico,Tier 1
030201010705,Tar - Pamlico,Tier 1
030201010706,Tar - Pamlico,Tier 1
030201010801,Tar - Pamlico,Tier 1
030201010802,,
030201010803,Tar - Pamlico,Tier 1
030201010901,,
030201010902,,
030201010903,Tar - Pamlico,Tier 2
030201010904,Tar - Pamlico,Tier 2
030201020101,Tar - Pamlico,Tier 2
030201020102,Tar - Pamlico,Tier 1
030201020103,Tar - Pamlico,Tier 1
030201020104,Tar - Pamlico,Tier 1
030201020201,Tar - Pamlico,Tier 2
030201020202,Tar - Pamlico,Tier 2
030201020203,Tar - Pamlico,Tier 2
030201020204,Tar - Pamlico,Tier 2
030201020205,Tar - Pamlico,Tier 1
030201020206,Tar - Pamlico,Tier 1
030201020301,Tar - Pamlico,Tier 2
030201020302,Tar - Pamlico,Tier 1
030201020303,Tar - Pamlico,Tier 1
030201020304,Tar - Pamlico,Tier 1
030201020401,,
030201020402,,
030201020403,,
030201020404,,
030201020405,Tar - Pamlico,Tier 2
030201020501,,
030201020502,Tar - Pamlico,Tier 1
030201020503,Tar - Pamlico,Tier 1
030201020504,Tar - Pamlico,Tier 1
030201020601,,
030201020602,,
030201020603,,
030201020604,,
030201020605,,1km River Buffer
030201020606,Tar - Pamlico,Tier 2
030201030101,,
030201030102,,
030201030103,,
030201030104,,
030201030105,,
030201030106,,
030201030107,Tar - Pamlico,1km River Buffer
030201030201,Tar - Pamlico,1km River Buffer
030201030202,Tar - Pamlico,1km River Buffer
030201030203,Tar - Pamlico,1km River Buffer
030201030204,Tar - Pamlico,1km River Buffer
030201030301,,
030201030302,,
030201030303,,
030201030304,,1km River Buffer
030201030305,,1km River Buffer
030201030401,Tar - Pamlico,1km River Buffer
030201030402,,1km River Buffer
030201030403,Tar - Pamlico,1km River Buffer
030201030404,Tar - Pamlico,1km River Buffer
030201030501,,
030201030502,,
030201030503,,
030201030504,,
030201030505,,
030201030506,,
030201030507,,
030201030601,,
030201030602,,
030201030603,,
030201030604,,
030201030605,Tar - Pamlico,1km River Buffer
030201030606,,
030201040101,,
030201040102,,
030201040103,,
030201040104,,
030201040105,,
030201040106,,
030201040107,,
030201040108,,
030201040109,,
030201040201,,
030201040202,,
030201040203,,
030201040204,,
030201040205,,
030201040206,,
030201040207,,
030201040301,,
030201040302,,
030201040303,,
030201040304,,
030201040305,,
030201040401,Pasquotank,1km River Buffer
030201040402,,1km River Buffer
030201040403,,1km River Buffer
030201040404,,
030201040501,,
030201040502,,
030201040503,,
030201040504,Pasquotank,1km River Buffer
030201040505,,
030201040601,,
030201040602,,
030201040603,,
030201040604,,
030201040701,,
030201040702,,
030201040703,,
030201050101,,
030201050102,,
030201050103,,
030201050104,,
030201050105,,
030201050106,,
030201050107,,
030201050108,,
030201050201,,
030201050202,,
030201050203,,
030201050204,,
030201050205,,
030201050206,,
030201050207,,
030201050301,,
030201050302,,
030201050303,,
030201050304,,
030201050305,,
030201050306,,
030202010101,Neuse,Tier 2
030202010102,Neuse,Tier 1
030202010103,Neuse,Tier 1
030202010104,Neuse,Tier 1
030202010201,Neuse,Tier 1
030202010202,Neuse,Tier 2
030202010203,Neuse,Tier 2
030202010301,Neuse,Tier 2
030202010302,Neuse,Tier 1
030202010303,Neuse,Tier 1
030202010304,Neuse,Tier 1
030202010401,,
030202010402,,
030202010403,,
030202010404,,
030202010501,,
030202010502,,
030202010503,,
030202010504,,
030202010601,,
030202010602,,
030202010603,,
030202010604,,
030202010701,,
030202010702,,
030202010703,,
030202010704,Neuse,Tier 2
030202010705,Neuse,Tier 2
030202010801,,
030202010802,,
030202010803,,
030202010804,,
030202010901,Neuse,Tier 2
030202010902,Neuse,Tier 2
030202010903,Neuse,Tier 2
030202011001,Neuse,Tier 2
030202011002,Neuse,Tier 2
030202011003,Neuse,Tier 2
030202011004,Neuse,Tier 1
030202011005,Neuse,Tier 2
030202011006,Neuse,Tier 1
030202011007,Neuse,Tier 1
030202011101,,
030202011102,,
030202011103,Neuse,Tier 2
030202011104,,
030202011105,,
030202011201,,
030202011202,,
030202011203,,
030202011301,,
030202011302,,
030202011303,,
030202011304,,
030202011305,,
030202011306,,
030202011401,,
030202011402,,
030202011403,,
030202011404,,
030202011501,Neuse,Tier 1
030202011502,,
030202011503,Neuse,Tier 1
030202011504,,
030202011505,Neuse,Tier 1
030202011601,,
030202011602,Neuse,Tier 1
030202011603,,
030202011604,,
030202011701,,
030202011702,,
030202011703,,
030202011704,,
030202011705,,
030202020101,,
030202020102,,
030202020103,,
030202020104,,
030202020105,,
030202020106,,
030202020107,,
030202020201,,
030202020202,,
030202020203,,
030202020204,,
030202020205,,
030202020206,,
030202020301,,
030202020302,,
030202020303,,
030202020304,,
030202020305,,
030202020306,,
030202020307,,
030202020401,,
030202020402,,
030202020403,,
030202020404,,
030202020405,,
030202020501,,
030202020502,,
030202020503,,
030202020504,,
030202020505,,
030202020506,,
030202020601,,
030202020602,,
030202020603,,
030202020604,,
030202020605,Neuse,Tier 2
030202020606,Neuse,Tier 1
030202020607,Neuse,Tier 1
030202030101,Neuse,Tier 2
030202030102,Neuse,Tier 2
030202030103,,
030202030104,Neuse,Tier 2
030202030105,Neuse,Tier 2
030202030201,,
030202030202,,
030202030203,,
030202030301,,
030202030302,,
030202030303,,
030202030304,,
030202030401,Neuse,Tier 1
030202030402,,
030202030403,,
030202030404,,
030202030405,,
030202030501,,
030202030502,,
030202030503,,
030202030504,,
030202030505,,
030202030601,,
030202030602,,
030202030603,,
030202030604,,
030202030605,,
030202030701,,
030202030702,,
030202030703,,
030202030704,,
030202030705,,
030202030706,,
030202040101,Neuse,1km River Buffer
030202040102,,
030202040103,Neuse,1km River Buffer
030202040104,,1km River Buffer
030202040105,Neuse,1km River Buffer
030202040106,Neuse,1km River Buffer
030202040201,Neuse,1km River Buffer
030202040202,,
030202040203,,1km River Buffer
030202040204,Neuse,1km River Buffer
030202040205,Neuse,1km River Buffer
030202040206,Neuse,1km River Buffer
030202040301,Neuse,1km River Buffer
030202040302,Neuse,Tier 1
030202040303,,
030202040304,,
030202040305,Neuse,Tier 2
030202040401,Neuse,Tier 2
030202040402,,
030202040403,,
030202040404,,
030202040501,,
030202040502,,
030202040503,,
030202040504,,
030202040505,,
030202040601,,
030202040602,,
030202040603,,
030202040604,,
030202040605,,
030202040701,,
030202040702,,
030202040703,,
030202040704,,
030202040705,,
030202040801,,
030202040802,,
030202040803,,
030202040804,,
030202040805,,
030202040901,,
030202040902,,
030202040904,,
030202040905,,
030202040906,,
030202040907,,
030203010101,White Oak,Tier 1
030203010102,White Oak,Tier 1
030203010103,,
030203010104,White Oak,Tier 1
030203010105,,
030203010106,White Oak,Tier 2
030203010201,,
030203010202,,
030203010203,,
030203010204,,
030203010205,,
030203010206,,
030203010301,,
030203010302,,
030203010303,,
030203010304,,
030203010401,,
030203010402,,
030203010403,,
030203010404,,
030203010405,,
030203010406,,
030203010501,,
030203010502,,
030203010503,,
030203010601,,
030203010602,,
030203010603,,
030203010604,,
030203010701,,
030203010702,,
030203010703,,
030203010704,,
030203020101,White Oak,Tier 2
030203020102,White Oak,Tier 1
030203020103,White Oak,Tier 2
030203020104,,
030203020105,,
030203020201,,
030203020202,,
030203020203,,
030203020204,,
030203020205,,
030203020206,,
030203020207,,
030203020208,,
030203020209,,
030203020210,,
030203020301,,
030203020302,,
030203020401,,
030203020402,,
030203020403,,
030203020501,,
030203020502,,
030300020101,,
030300020102,,
030300020103,,
030300020104,,
030300020105,,
030300020106,,
030300020107,,
030300020108,,
030300020201,,
030300020202,,
030300020203,,
030300020204,,
030300020205,,
030300020206,,
030300020207,,
030300020301,,
030300020302,,
030300020303,,
030300020304,,
030300020305,,
030300020306,,
030300020307,,
030300020308,,
030300020309,,
030300020310,,
030300020401,,
030300020402,,
030300020403,,
030300020404,,
030300020405,,
030300020406,,
030300020407,,
030300020408,,
030300020501,,
030300020502,,
030300020503,,
030300020504,,
030300020505,,
030300020506,,
030300020507,,
030300020508,Cape Fear,Tier 2
030300020509,Cape Fear,Tier 2
030300020601,Cape Fear,Tier 1
030300020602,,
030300020603,,
030300020604,,
030300020605,,
030300020606,Cape Fear,Tier 2
030300020607,,
030300020608,,
030300020609,,
030300020610,,
030300020701,Cape Fear,Tier 2
030300020702,Cape Fear,Tier 2
030300020703,,
030300020704,Cape Fear,Tier 2
030300020705,,
030300030101,,
030300030102,,
030300030103,,
030300030104,,
030300030105,,
030300030106,,
030300030107,,
030300030108,,
030300030109,,
030300030110,,
030300030201,,
030300030202,,
030300030203,Cape Fear,Tier 1
030300030204,Cape Fear,Tier 2
030300030205,Cape Fear,Tier 1
030300030206,Cape Fear,Tier 1
030300030207,Cape Fear,Tier 1
030300030208,Cape Fear,Tier 1
030300030301,,
030300030302,Cape Fear,Tier 1
030300030303,Cape Fear,Tier 1
030300030401,Cape Fear,Tier 1
030300030402,,
030300030403,Cape Fear,Tier 2
030300030404,Cape Fear,Tier 2
030300030405,Cape Fear,Tier 1
030300030406,Cape Fear,Tier 1
030300030407,Cape Fear,Tier 1
030300030408,Cape Fear,Tier 1
030300030501,,
030300030502,,
030300030503,Cape Fear,Tier 2
030300030504,Cape Fear,Tier 1
030300030505,Cape Fear,Tier 1
030300030506,Cape Fear,Tier 1
030300030507,Cape Fear,Tier 2
030300030508,Cape Fear,Tier 1
030300030509,Cape Fear,Tier 1
030300030601,Cape Fear,Tier 1
030300030602,Cape Fear,Tier 1
030300030603,Cape Fear,Tier 2
030300030604,Cape Fear,Tier 1
030300030605,Cape Fear,Tier 1
030300030606,Cape Fear,Tier 2
030300030607,Cape Fear,Tier 1
030300030608,Cape Fear,Tier 1
030300040101,,
030300040102,,
030300040103,,1km River Buffer
030300040104,,1km River Buffer
030300040105,,1km River Buffer
030300040106,Cape Fear,1km River Buffer
030300040201,,
030300040202,,
030300040203,,
030300040204,,
030300040205,,
030300040206,Cape Fear,1km River Buffer
030300040301,,
030300040302,,
030300040303,,
030300040304,,
030300040305,,
030300040306,,
030300040307,,
030300040308,,
030300040401,,
030300040402,,
030300040403,,
030300040404,,
030300040405,,
030300040406,,
030300040407,,
030300040408,,
030300040409,Cape Fear,1km River Buffer
030300040501,,1km River Buffer
030300040502,Cape Fear,1km River Buffer
030300040503,,1km River Buffer
030300040504,Cape Fear,1km River Buffer
030300040505,Cape Fear,1km River Buffer
030300040506,Cape Fear,1km River Buffer
030300040601,,
030300040602,,
030300040603,,
030300040604,,
030300040605,,
030300040606,,
030300040607,,
030300040608,,
030300040609,,
030300040610,,
030300040611,,
030300040701,Cape Fear,1km River Buffer
030300040702,,1km River Buffer
030300040703,,
030300040704,,
030300040705,,
030300040706,Cape Fear,1km River Buffer
030300040707,,
030300050101,,
030300050102,,
030300050103,,
030300050104,,
030300050201,,
030300050202,,
030300050203,,
030300050204,,
030300050205,,
030300050206,,
030300050301,,
030300050302,,
030300050303,,
030300050401,,
030300050402,,
030300050403,,
030300050404,,
030300050405,,
030300050406,,
030300050407,,
030300050501,,
030300050502,,
030300050503,,
030300050504,,
030300050601,Cape Fear,Tier 2
030300050602,Cape Fear,Tier 2
030300050603,Cape Fear,Tier 2
030300050701,,
030300050702,,
030300050703,,
030300050704,,
030300050801,,
030300050802,,
030300050803,,
030300060101,,
030300060102,,
030300060103,,
030300060104,,
030300060105,,
030300060106,,
030300060107,,
030300060201,,
030300060202,,
030300060203,,
030300060204,,
030300060205,,
030300060206,,
030300060207,,
030300060208,,
030300060301,,
030300060302,,
030300060303,,
030300060304,,
030300060305,,
030300060401,,
030300060402,,
030300060403,,
030300060404,,
030300060405,,
030300060406,,
030300060407,,
030300060408,Cape Fear,Tier 1
030300060501,,
030300060502,,
030300060503,,
030300060504,,
030300060505,,
030300060506,,
030300060507,,
030300060508,,
030300060509,,
030300060510,,
030300060601,,
030300060602,,
030300060603,,
030300060701,,
030300060702,,
030300060703,,
030300060704,,
030300060801,Cape Fear,Tier 1
030300060802,Cape Fear,Tier 1
030300060803,Cape Fear,Tier 1
030300060804,,
030300060805,Cape Fear,Tier 1
030300060806,,
030300060807,,
030300070101,,
030300070102,,
030300070103,,
030300070104,,
030300070105,,
030300070201,,
030300070202,,
030300070203,,
030300070204,,
030300070205,,
030300070206,,
030300070301,,
030300070302,,
030300070303,,
030300070304,,
030300070305,,
030300070306,,
030300070307,,
030300070401,,
030300070402,,
030300070403,,
030300070404,,
030300070405,,
030300070501,,
030300070502,,
030300070503,,
030300070504,,
030300070505,,
030300070506,,
030300070601,,
030300070602,,
030300070603,,
030300070604,,
030300070605,,
030300070606,,
030300070607,,
030300070608,,
030300070609,,
030300070610,,
030300070611,,
030300070701,,
030300070702,,
030300070703,,
030300070704,,
030300070705,,
030300070801,,
030300070802,,
030300070803,,
030300070804,,
030300070805,,
030300070806,,
030300070807,,
030300070808,,
030300070809,,
030401010101,,
030401010102,,
030401010103,,
030401010104,,
030401010105,,
030401010201,,
030401010202,,
030401010203,,
030401010204,,
030401010205,,
030401010206,,
030401010301,,
030401010302,,
030401010303,,
030401010304,,
030401010305,,
030401010306,,
030401010307,,
030401010401,,
030401010402,,
030401010403,,
030401010404,Yadkin - PeeDee,Tier 1
030401010405,Yadkin - PeeDee,Tier 1
030401010406,Yadkin - PeeDee,Tier 1
030401010407,Yadkin - PeeDee,1km River Buffer
030401010501,Yadkin - PeeDee,Tier 2
030401010502,Yadkin - PeeDee,Tier 2
030401010503,,
030401010504,Yadkin - PeeDee,Tier 1
030401010601,Yadkin - PeeDee,1km River Buffer
030401010602,Yadkin - PeeDee,1km River Buffer
030401010603,Yadkin - PeeDee,1km River Buffer
030401010604,Yadkin - PeeDee,1km River Buffer
030401010605,Yadkin - PeeDee,1km River Buffer
030401010606,Yadkin - PeeDee,1km River Buffer
030401010607,Yadkin - PeeDee,1km River Buffer
030401010701,,
030401010702,,
030401010703,,
030401010704,,
030401010705,Yadkin - PeeDee,1km River Buffer
030401010801,,
030401010802,,
030401010803,,
030401010804,,
030401010805,,
030401010806,,
030401010807,,
030401010901,,
030401010902,,
030401010903,,
030401010904,Yadkin - PeeDee,1km River Buffer
030401011001,Yadkin - PeeDee,1km River Buffer
030401011002,Yadkin - PeeDee,1km River Buffer
030401011003,,
030401011004,,
030401011005,Yadkin - PeeDee,1km River Buffer
030401011006,Yadkin - PeeDee,1km River Buffer
030401011007,Yadkin - PeeDee,1km River Buffer
030401011101,,
030401011102,,
030401011103,,
030401011201,,
030401011202,,
030401011203,Yadkin - PeeDee,1km River Buffer
030401011301,,
030401011302,,
030401011303,,
030401011304,,
030401011305,,
030401011306,,
030401011307,,
030401011308,,
030401011401,,
030401011402,,
030401011403,,
030401011404,,
030401011501,,
030401011502,,
030401011503,,
030401011504,,
030401020101,,
030401020102,,
030401020103,,
030401020104,,
030401020105,,
030401020106,,
030401020107,,
030401020108,,
030401020109,,
030401020201,,
030401020202,,
030401020203,,
030401020204,,
030401020205,,
030401020206,,
030401020301,,
030401020302,,
030401020303,,
030401020304,,
030401020401,,
030401020402,,
030401020403,,
030401020501,,
030401020502,,
030401020503,,
030401020504,,
030401020601,,
030401020602,,
030401020603,,
030401030101,,
030401030102,,
030401030103,,
030401030104,,
030401030105,,
030401030201,,
030401030202,,
030401030203,,
030401030204,,
030401030205,,
030401030206,,
030401030207,,
030401030301,,
030401030302,,
030401030303,,
030401030304,,
030401030305,,
030401030401,,
030401030402,,
030401030403,Yadkin - PeeDee,Tier 2
030401030404,,
030401030405,Yadkin - PeeDee,Tier 2
030401030406,,
030401030501,Yadkin - PeeDee,Tier 2
030401030502,Yadkin - PeeDee,Tier 2
030401030503,Yadkin - PeeDee,Tier 1
030401030504,Yadkin - PeeDee,Tier 2
030401030505,Yadkin - PeeDee,Tier 2
030401030601,,
030401030602,,
030401030603,,
030401030604,,
030401030605,,
030401040101,,
030401040102,,
030401040103,,
030401040104,,
030401040105,,
030401040201,,
030401040202,,
030401040203,Yadkin - PeeDee,1km River Buffer
030401040204,Yadkin - PeeDee,Tier 2
030401040205,Yadkin - PeeDee,1km River Buffer
030401040301,Yadkin - PeeDee,Tier 1
030401040302,Yadkin - PeeDee,Tier 1
030401040303,Yadkin - PeeDee,Tier 1
030401040304,Yadkin - PeeDee,Tier 1
030401040305,Yadkin - PeeDee,Tier 1
030401040306,Yadkin - PeeDee,Tier 1
030401040401,Yadkin - PeeDee,Tier 1
030401040402,Yadkin - PeeDee,Tier 1
030401040403,Yadkin - PeeDee,Tier 1
030401040404,Yadkin - PeeDee,Tier 1
030401040501,,
030401040502,,
030401040503,,
030401040504,,
030401040505,Yadkin - PeeDee,Tier 1
030401040506,,
030401050101,,
030401050102,,
030401050103,,
030401050104,,
030401050105,,
030401050106,,
030401050201,,
030401050202,,
030401050203,,
030401050301,,
030401050302,,
030401050303,,
030401050304,,
030401050305,,
030401050306,,
030401050307,,
030401050401,,
030401050402,,
030401050403,,
030401050404,,
030401050405,,
030401050406,,
030401050501,,
030401050502,,
030401050503,,
030401050504,,
030401050505,,
030401050506,,
030401050507,,
030401050601,,
030401050602,,
030401050603,,
030401050604,,
030401050701,Yadkin - PeeDee,Tier 2
030401050702,Yadkin - PeeDee,Tier 2
030401050703,,
030401050704,,
030401050705,,
030401050706,,
030401050707,,
030401050708,Yadkin - PeeDee,1km River Buffer
030402010101,,
030402010102,,
030402010103,,
030402010104,,
030402010105,Yadkin - PeeDee,Tier 1
030402010201,,
030402010202,,
030402010203,Yadkin - PeeDee,Tier 1
030402010301,,
030402010302,Yadkin - PeeDee,Tier 2
030402010303,Yadkin - PeeDee,Tier 2
030402010304,Yadkin - PeeDee,Tier 1
030402010305,Yadkin - PeeDee,Tier 1
030402010306,Yadkin - PeeDee,Tier 2
030402010401,,
030402010402,,
030402010404,,
030402010405,,
030402010501,,
030402010502,,
030402010506,,
030402020101,,
030402020102,,
030402030101,Lumber,1km River Buffer
030402030102,Lumber,1km River Buffer
030402030103,Lumber,1km River Buffer
030402030104,Lumber,1km River Buffer
030402030201,,1km River Buffer
030402030202,Lumber,1km River Buffer
030402030203,Lumber,1km River Buffer
030402030204,Lumber,1km River Buffer
030402030205,Lumber,1km River Buffer
030402030206,Lumber,1km River Buffer
030402030301,Lumber,Tier 1
030402030302,Lumber,Tier 1
030402030303,Lumber,Tier 1
030402030401,Lumber,Tier 1
030402030402,,
030402030403,Lumber,Tier 1
030402030501,,
030402030502,,
030402030503,,
030402030504,,
030402030505,,
030402030601,,
030402030602,,
030402030603,,
030402030604,,
030402030605,,
030402030701,,
030402030702,,
030402030703,,
030402030704,,
030402030705,,
030402030801,,
030402030802,,
030402030901,,
030402030902,,
030402030903,,
030402030904,Lumber,Tier 1
030402031001,,
030402031002,Lumber,Tier 1
030402031003,Lumber,Tier 1
030402031004,Lumber,Tier 1
030402031005,Lumber,Tier 1
030402031101,,
030402031102,,
030402031103,,
030402031104,Lumber,Tier 1
030402031201,,
030402031202,,
030402031203,,
030402031204,,
030402031205,,
030402031206,,
030402031207,Lumber,Tier 1
030402031302,,
030402031303,,
030402031401,,
030402031403,,
030402031404,Lumber,Tier 1
030402040101,,
030402040102,,
030402040103,,
030402040104,,
030402040105,,
030402040106,,
030402040201,,
030402040202,,
030402040203,,
030402040301,,
030402040302,,
030402040303,,
030402040304,,
030402040305,Lumber,Tier 1
030402040501,,
030402040503,,
030402040601,,
030402060101,,
030402060102,,
030402060103,,
030402060104,Lumber,1km River Buffer
030402060105,Lumber,1km River Buffer
030402060201,,
030402060202,Lumber,1km River Buffer
030402060203,Lumber,1km River Buffer
030402060204,Lumber,Tier 1
030402060301,Lumber,Tier 1
030402060302,Lumber,Tier 1
030402060303,Lumber,Tier 1
030402060304,,
030402060305,Lumber,Tier 1
030402060306,Lumber,Tier 1
030402060401,Lumber,Tier 1
030402060402,Lumber,Tier 1
030402060403,Lumber,Tier 1
030402060404,Lumber,Tier 1
030402060405,Lumber,Tier 1
030402060501,,
030402060502,,
030402060503,,
030402060504,,
030402060505,,
030402060506,Lumber,Tier 1
030402060601,Lumber,Tier 1
030402060602,Lumber,Tier 1
030402060603,,
030402060604,Lumber,Tier 1
030402060605,Lumber,Tier 1
030402060701,,
030402060702,Lumber,Tier 1
030402060703,,
030402060704,,
030402080101,,
030402080102,,
030402080103,,
030402080104,,
030402080105,,
030402080106,,
030402080107,,
030402080201,,
030402080202,,
030402080203,,
030402080204,,
030402080302,,
030402080303,,
030402080304,,
030402080305,,
030501010101,Catawba,Tier 2
030501010102,Catawba,Tier 1
030501010103,Catawba,Tier 2
030501010104,,
030501010105,Catawba,Tier 1
030501010106,Catawba,Tier 1
030501010201,,
030501010202,,
030501010301,Catawba,Tier 2
030501010302,Catawba,Tier 1
030501010303,,
030501010401,Catawba,Tier 2
030501010402,Catawba,Tier 2
030501010403,Catawba,Tier 1
030501010501,Catawba,Tier 2
030501010502,Catawba,Tier 2
030501010503,Catawba,Tier 2
030501010504,Catawba,Tier 1
030501010505,Catawba,Tier 1
030501010506,Catawba,Tier 1
030501010601,,
030501010602,,
030501010603,,
030501010604,,
030501010605,,
030501010606,,
030501010607,Catawba,Tier 2
030501010608,,
030501010701,,
030501010702,,
030501010703,,
030501010801,,
030501010802,,
030501010803,,
030501010804,,
030501010901,,
030501010902,,
030501010903,,
030501010904,,
030501011001,,
030501011002,,
030501011003,,
030501011004,,
030501011005,,
030501011101,,
030501011102,,
030501011103,,
030501011104,,
030501011105,,
030501011106,,
030501011201,,
030501011202,,
030501011203,,
030501011204,,
030501011301,,
030501011302,,
030501011303,,
030501011304,,
030501011401,,
030501011402,,
030501011403,,
030501011404,,
030501011405,,
030501011406,,
030501011501,,
030501011502,,
030501011505,,
030501011508,,
030501020101,Catawba,Tier 2
030501020102,Catawba,Tier 1
030501020103,Catawba,Tier 2
030501020201,Catawba,Tier 2
030501020202,Catawba,Tier 1
030501020301,,
030501020302,,
030501020303,,
030501020401,,
030501020402,,
030501020403,,
030501020501,,
030501020502,,
030501020503,,
030501020504,,
030501020601,,
030501020602,,
030501020603,,
030501020604,,
030501020605,,
030501030101,,
030501030102,,
030501030103,,
030501030104,,
030501030105,,
030501030106,,
030501030107,,
030501030108,,
030501030109,,
030501030201,Catawba,Tier 1
030501030202,Catawba,Tier 1
030501030203,Catawba,Tier 1
030501030204,Catawba,Tier 1
030501030302,,
030501030603,Catawba,Tier 1
030501050101,,
030501050102,,
030501050103,Broad,Tier 2
030501050104,Broad,Tier 1
030501050201,Broad,Tier 2
030501050202,,
030501050203,,
030501050204,Broad,Tier 1
030501050301,,
030501050302,,
030501050303,,
030501050304,Broad,Tier 2
030501050305,Broad,Tier 1
030501050306,Broad,Tier 1
030501050307,,
030501050308,Broad,Tier 2
030501050309,Broad,Tier 2
030501050401,,
030501050402,,
030501050403,,
030501050404,,
030501050405,,
030501050406,,
030501050407,,
030501050501,Broad,Tier 1
030501050502,,
030501050503,Broad,Tier 1
030501050504,,
030501050505,,
030501050506,Broad,Tier 2
030501050601,Broad,Tier 1
030501050602,Broad,Tier 1
030501050603,Broad,Tier 1
030501050604,Broad,Tier 1
030501050605,Broad,Tier 2
030501050606,Broad,Tier 2
030501050701,,
030501050702,Broad,Tier 2
030501050703,,
030501050704,,
030501050705,,
030501050801,,
030501050802,,
030501050803,,
030501050804,,
030501050805,,
030501050901,,
030501051101,,
030501051201,,
030501051202,,
030501051203,,
030501051501,,
030501051601,,
030601010101,,
030601010102,,
030601010103,Savannah,Tier 1
030601010104,,
030601010202,,
030601020102,,
030601020202,,
030601020204,Savannah,Tier 2
030601020701,,
050500010101,,
050500010102,,
050500010103,New,Tier 2
050500010104,,
050500010105,New,Tier 2
050500010106,New,Tier 2
050500010107,New,Tier 1
050500010108,New,Tier 2
050500010109,New,Tier 1
050500010201,New,Tier 2
050500010202,New,Tier 1
050500010203,New,Tier 1
050500010204,New,Tier 1
050500010205,New,Tier 1
050500010206,New,Tier 1
050500010207,New,Tier 1
050500010208,New,Tier 2
050500010209,New,Tier 1
050500010210,New,Tier 1
050500010301,,
050500010302,New,Tier 1
050500010305,New,Tier 2
050500010401,New,Tier 2
050500010403,New,Tier 1
050500010404,New,Tier 2
050500010405,New,Tier 2
050500010406,New,Tier 1
050500010407,New,Tier 1
050500010603,,
060101030201,,
060101030202,,
060101030301,Watauga,Tier 2
060101030302,Watauga,Tier 2
060101030303,Watauga,Tier 2
060101030304,,
060101030305,Watauga,Tier 2
060101030401,,
060101050101,French Broad,Tier 2
060101050102,French Broad,Tier 2
060101050104,French Broad,Tier 1
060101050201,French Broad,Tier 1
060101050202,French Broad,Tier 1
060101050203,French Broad,Tier 1
060101050204,Broad,Tier 1
060101050205,Broad,Tier 1
060101050206,French Broad,Tier 1
060101050301,,
060101050302,,
060101050303,,
060101050401,French Broad,Tier 2
060101050402,French Broad,Tier 1
060101050403,French Broad,Tier 1
060101050404,French Broad,Tier 2
060101050501,,
060101050502,,
060101050503,,
060101050601,,
060101050602,,
060101050603,French Broad,Tier 2
060101050604,French Broad,Tier 2
060101050701,,
060101050702,,
060101050703,French Broad,Tier 2
060101050704,French Broad,Tier 2
060101050705,French Broad,Tier 2
060101050801,,
060101050802,,
060101050803,,
060101050804,,
060101050805,,
060101050901,,
060101050902,,
060101050903,,
060101050904,,
060101050905,,
060101050906,,
060101050907,,
060101051001,,
060101051002,,
060101051003,,
060101051004,French Broad,Tier 2
060101051101,,
060101051102,French Broad,Tier 1
060101051103,French Broad,Tier 1
060101051201,,
060101051202,French Broad,Tier 1
060101051203,French Broad,Tier 1
060101060101,French Broad,Tier 2
060101060102,French Broad,Tier 1
060101060103,French Broad,Tier 2
060101060104,French Broad,Tier 1
060101060105,French Broad,Tier 2
060101060201,French Broad,Tier 2
060101060202,French Broad,Tier 1
060101060203,French Broad,Tier 2
060101060204,French Broad,Tier 2
060101060205,French Broad,Tier 2
060101060301,,
060101060302,,
060101060303,,
060101060304,,
060101060305,,
060101080101,French Broad,Tier 1
060101080102,French Broad,Tier 1
060101080103,French Broad,Tier 1
060101080104,French Broad,Tier 1
060101080105,French Broad,Tier 1
060101080106,French Broad,Tier 1
060101080201,French Broad,Tier 1
060101080202,French Broad,Tier 2
060101080203,French Broad,Tier 1
060101080204,French Broad,Tier 2
060101080205,French Broad,Tier 1
060101080301,French Broad,Tier 1
060101080302,French Broad,Tier 1
060101080303,French Broad,Tier 1
060101080304,French Broad,Tier 2
060101080305,French Broad,Tier 1
060101080306,French Broad,Tier 1
060101080601,French Broad,Tier 2
060101080602,French Broad,Tier 2
060101080603,French Broad,Tier 2
060101080604,French Broad,Tier 1
060101080606,French Broad,Tier 2
060101080701,,
060102020101,Little Tennessee,Tier 2
060102020102,Little Tennessee,Tier 2
060102020103,Little Tennessee,Tier 2
060102020104,Little Tennessee,Tier 2
060102020105,Little Tennessee,Tier 1
060102020106,Little Tennessee,Tier 1
060102020202,Little Tennessee,Tier 2
060102020203,Little Tennessee,Tier 1
060102020301,,
060102020302,,
060102020303,,
060102020304,,
060102020305,,
060102020306,,
060102020401,Little Tennessee,Tier 1
060102020402,Little Tennessee,Tier 1
060102020403,Little Tennessee,Tier 1
060102020404,Little Tennessee,Tier 1
060102020405,Little Tennessee,Tier 1
060102020406,,
060102020407,,
060102020501,,
060102020502,,
060102020503,,
060102020504,,
060102020505,,
060102030101,,
060102030102,,
060102030103,,
060102030104,,
060102030105,French Broad,Tier 1
060102030106,Little Tennessee,Tier 1
060102030107,Little Tennessee,Tier 1
060102030201,,
060102030202,,
060102030203,,
060102030204,,
060102030205,French Broad,Tier 2
060102030206,French Broad,Tier 2
060102030207,Little Tennessee,Tier 1
060102030301,Little Tennessee,Tier 2
060102030302,French Broad,Tier 2
060102030303,Little Tennessee,Tier 1
060102030304,Little Tennessee,Tier 1
060102030401,,
060102030402,Little Tennessee,Tier 1
060102030403,,
060102030404,,
060102030405,,
060102040101,,
060102040102,,
060102040103,,
060102040104,,
060102040105,,
060102040106,,
060102040107,Little Tennessee,Tier 1
060102040303,,
060102040305,,
060102040401,,
060102040402,,
060102040403,,
060200020105,,
060200020201,Hiwassee,Tier 1
060200020202,Hiwassee,Tier 1
060200020203,Hiwassee,Tier 1
060200020302,Hiwassee,Tier 1
060200020303,Hiwassee,Tier 1
060200020401,Hiwassee,Tier 1
060200020402,Hiwassee,Tier 1
060200020403,Hiwassee,Tier 1
060200020404,Hiwassee,Tier 1
060200020502,,
060200020603,Hiwassee,Tier 2
060200020701,,
060200020702,Hiwassee,Tier 1
060200020703,,
060200020704,,
060200020705,,
060200020811,,
060200020901,,
060200020902,,
060200020903,,
060200020904,,
060200020907,,
060200030201,,
060200030204,,
060200030208,,
